city,slug,gold_24k_per_gram,gold_22k_per_gram,gold_18k_per_gram,gold_24k_per_10g,gold_22k_per_10g,gold_18k_per_10g,silver_per_gram,silver_per_kg,gold_22k_source,status
Ahmedabad,ahmedabad,14929,13685,11197,149290,136850,111970,235.0,235000.0,derived_from_24k,ok
Ayodhya,ayodhya,14939,13695,11204,149390,136950,112040,235.0,235000.0,matched_from_peer_city,ok
Bangalore,bangalore,14924,13680,11193,149240,136800,111930,235.0,235000.0,scraped,ok
Bhubaneswar,bhubaneswar,14924,13680,11193,149240,136800,111930,240.0,240000.0,derived_from_24k,ok
Chandigarh,chandigarh,14939,13695,11204,149390,136950,112040,235.0,235000.0,matched_from_peer_city,ok
Chennai,chennai,14924,13680,11193,149240,136800,111930,240.0,240000.0,scraped,ok
Coimbatore,coimbatore,14924,13680,11193,149240,136800,111930,240.0,240000.0,derived_from_24k,ok
Delhi,delhi,14939,13695,11204,149390,136950,112040,235.0,235000.0,matched_from_peer_city,ok
Hyderabad,hyderabad,14924,13680,11193,149240,136800,111930,240.0,240000.0,scraped,ok
Jaipur,jaipur,14939,13695,11204,149390,136950,112040,235.0,235000.0,scraped,ok
Kerala,kerala,14924,13680,11193,149240,136800,111930,240.0,240000.0,derived_from_24k,ok
Kolkata,kolkata,14924,13680,11193,149240,136800,111930,235.0,235000.0,derived_from_24k,ok
Lucknow,lucknow,14939,13695,11204,149390,136950,112040,235.0,235000.0,matched_from_peer_city,ok
Madurai,madurai,14924,13680,11193,149240,136800,111930,240.0,240000.0,derived_from_24k,ok
Mangalore,mangalore,14924,13680,11193,149240,136800,111930,235.0,235000.0,derived_from_24k,ok
Moodbidri,moodbidri,14924,13680,11193,149240,136800,111930,235.0,235000.0,derived_from_24k,ok
Mumbai,mumbai,14924,13680,11193,149240,136800,111930,235.0,235000.0,scraped,ok
Mysore,mysore,14924,13680,11193,149240,136800,111930,235.0,235000.0,derived_from_24k,ok
Nagpur,nagpur,14924,13680,11193,149240,136800,111930,235.0,235000.0,derived_from_24k,ok
Nashik,nashik,14927,13683,11195,149270,136830,111950,235.0,235000.0,derived_from_24k,ok
Patna,patna,14929,13685,11197,149290,136850,111970,235.0,235000.0,derived_from_24k,ok
Pune,pune,14924,13680,11193,149240,136800,111930,235.0,235000.0,derived_from_24k,ok
Rajkot,rajkot,14929,13685,11197,149290,136850,111970,235.0,235000.0,derived_from_24k,ok
Salem,salem,14924,13680,11193,149240,136800,111930,240.0,240000.0,derived_from_24k,ok
Surat,surat,14929,13685,11197,149290,136850,111970,235.0,235000.0,derived_from_24k,ok
Trichy,trichy,14924,13680,11193,149240,136800,111930,240.0,240000.0,derived_from_24k,ok
Vadodara,vadodara,14929,13685,11197,149290,136850,111970,235.0,235000.0,derived_from_24k,ok
Vijayawada,vijayawada,14924,13680,11193,149240,136800,111930,240.0,240000.0,derived_from_24k,ok
Visakhapatnam,visakhapatnam,14924,13680,11193,149240,136800,111930,240.0,240000.0,derived_from_24k,ok
